id,subjectId,educationLevel,topicName
01dc808e-42b2-41a4-a4fe-6b081a51327d,69eed9c9-20e1-457e-9d77-d5e8faefc190,P3,Plant Parts
0b478963-b200-4f6f-9b8e-b303e5f0077b,69eed9c9-20e1-457e-9d77-d5e8faefc190,P6,Food Web
0f37af8b-937f-4a09-8387-3f5356f82465,69eed9c9-20e1-457e-9d77-d5e8faefc190,P5,Human Circulatory System
12a5771b-b577-4392-bd0a-5bcf40ce9347,69eed9c9-20e1-457e-9d77-d5e8faefc190,P5,Reproduction in Plants
1bc5ee47-e0cd-459c-9447-cb8631c4a90f,69eed9c9-20e1-457e-9d77-d5e8faefc190,P5,Air & Respiratory System
234eae90-876e-494e-b096-1f7db53a47fb,69eed9c9-20e1-457e-9d77-d5e8faefc190,P6,"Forms, Sources of Energy"
3c80db21-2324-4cbc-91c9-182fc82e87bd,69eed9c9-20e1-457e-9d77-d5e8faefc190,P3,Plants
5285a53b-91bf-4386-b108-dd0fb13b8a8b,69eed9c9-20e1-457e-9d77-d5e8faefc190,P3,"Fungi and Bacteria"
569a2f22-1d28-4104-8046-661baaacce34,69eed9c9-20e1-457e-9d77-d5e8faefc190,P5,Reproduction in Human
5e251cf9-85d7-4093-93be-ba5d439ffdb4,69eed9c9-20e1-457e-9d77-d5e8faefc190,P5,From Parents to Young
5e2af4e8-619d-4c30-bc71-7254d02cae77,69eed9c9-20e1-457e-9d77-d5e8faefc190,P4,Matter and 3 States
76d852f0-b4ff-4816-abe5-62b451cab14a,69eed9c9-20e1-457e-9d77-d5e8faefc190,P6,Forces
786f5261-b645-485c-a263-bdb74e0d5f08,69eed9c9-20e1-457e-9d77-d5e8faefc190,P4,Magnets
8383abc3-74dc-49ed-819c-87ef1ebc07f0,69eed9c9-20e1-457e-9d77-d5e8faefc190,P3,Animals
9cff876a-bc88-4d4d-a381-78e016d38244,69eed9c9-20e1-457e-9d77-d5e8faefc190,P6,"Man's Impact on the Environment"
a5c1d7d5-1321-4ea9-93c5-60075f92970e,69eed9c9-20e1-457e-9d77-d5e8faefc190,P4,Cell
a65291f9-1752-48cc-a94d-faa69bf96146,69eed9c9-20e1-457e-9d77-d5e8faefc190,P4,Plant Transport System
ae10f5dc-e5be-48b0-bbee-ca93dca249cd,69eed9c9-20e1-457e-9d77-d5e8faefc190,P3,Materials
b8e270b4-b70d-43f7-ae9e-d857d016c8aa,69eed9c9-20e1-457e-9d77-d5e8faefc190,P6,Adaptation
b8ec898f-fcb8-4f14-89e0-c97085f267c8,69eed9c9-20e1-457e-9d77-d5e8faefc190,P6,Living Together
bef56224-42f9-4014-b4b7-e3bab6ed48e1,69eed9c9-20e1-457e-9d77-d5e8faefc190,P5,Electricity
c60217b0-b5a9-4e32-ad93-c6d45a3602b5,69eed9c9-20e1-457e-9d77-d5e8faefc190,P4,Heat and Temperature
c73f8cea-cc1b-404f-ad85-6c92506065cb,69eed9c9-20e1-457e-9d77-d5e8faefc190,P3,Living and Non-Living Things
cd918e8d-5435-4b34-8623-078adf3f869d,69eed9c9-20e1-457e-9d77-d5e8faefc190,P5,Water and Change of State
dc0acbf6-1407-40b7-9ac3-cad6fa79736e,69eed9c9-20e1-457e-9d77-d5e8faefc190,P6,Energy in Food
f7457eb2-537e-40f2-b6f1-ca0d8ecd9bca,69eed9c9-20e1-457e-9d77-d5e8faefc190,P4,Digestive System
fa84c7b8-dd60-45df-b5bd-507978fc72d2,69eed9c9-20e1-457e-9d77-d5e8faefc190,P4,Life Cycles
fdca627a-705e-48c0-9125-2e31fa5f0be0,69eed9c9-20e1-457e-9d77-d5e8faefc190,P4,Light